industry,symbol,price,price_1yr_ago,high52,pe,mc
SERVICES,NSE:3MINDIA,20615,24892.1,25750,66.27,23233.6224
INDUSTRIAL MANUFACTURING,NSE:ABB,1327,1390.5,1670,50.88,28090.42699
CEMENT & CEMENT PRODUCTS,NSE:ACC,1475,1519.4,1769.05,15.92,27703.22126
INDUSTRIAL MANUFACTURING,NSE:AIAENG,1502.9,1742.55,1865,25.93,14175.41164
METALS,NSE:APLAPOLLO,1292,1539.2,1687.95,20.52,3094.384832
FINANCIAL SERVICES,NSE:AUBANK,666.6,688.35,719,39.97,19536.63209
FINANCIAL SERVICES,NSE:AAVAS,1550,#N/A,1630.1,#N/A,12116.0896
ENERGY,NSE:ADANIGREEN,45.5,52.5,56.2,#N/A,7108.566911
SERVICES,NSE:ADANIPORTS,369.8,364.65,430.6,17.72,76552.8099
ENERGY,NSE:ADANIPOWER,60.5,30.35,68.75,#N/A,23180.2028
ENERGY,NSE:ADANITRANS,235.05,184.75,256.3,42.85,25883.558
FINANCIAL SERVICES,NSE:ABCAPITAL,94.4,132.55,137.2,22.44,20784.8413
CONSUMER GOODS,NSE:ABFRL,188.85,188.65,236.9,43.34,14642.71909
CONSUMER GOODS,NSE:ADVENZYMES,162.5,210.05,226.95,15.81,1814.7415
ENERGY,NSE:AEGISCHEM,188.05,212.75,241.7,27.62,6382.266483
PHARMA,NSE:AJANTPHARM,1005.1,1162.1,1286.55,22.29,8769.87621
CONSUMER GOODS,NSE:AKZOINDIA,1705,1711.25,1860,34.67,7764.622855
PHARMA,NSE:APLLTD,497.1,610.3,664,15.17,9371.125504
PHARMA,NSE:ALKEM,1800.9,2125.25,2268,26.59,21600.26209
FINANCIAL SERVICES,NSE:ALBK,33,40.85,59,#N/A,12281.6694
SERVICES,NSE:ALLCARGO,92.4,115.15,124.45,9.01,2267.699584
AUTOMOBILE,NSE:AMARAJABAT,639.4,785.35,831.95,21.38,10920.11594
CEMENT & CEMENT PRODUCTS,NSE:AMBUJACEM,195.8,220.2,244,16.35,38898.65
FINANCIAL SERVICES,NSE:ANDHRABANK,18.9,30.9,34,#N/A,5640.680316
HEALTHCARE SERVICES,NSE:APOLLOHOSP,1505,1108.4,1542.45,80.75,20826.92308
AUTOMOBILE,NSE:APOLLOTYRE,176.6,230.75,250.8,17.74,10102.40688
AUTOMOBILE,NSE:ASHOKLEY,62.7,127.75,133.15,8.85,18464.46528
CONSTRUCTION,NSE:ASHOKA,95.2,130.65,155,#N/A,2675.338495
CONSUMER GOODS,NSE:ASIANPAINT,1539.7,1297.85,1622.5,65.55,147586.8988
HEALTHCARE SERVICES,NSE:ASTERDM,117.2,166.3,176.4,18.22,5926.930657
PHARMA,NSE:ASTRAZEN,1978,1749.35,2397.7,71.06,4948.94617
INDUSTRIAL MANUFACTURING,NSE:ASTRAL,1292.45,1069.2,1380,75.65,15558.12188
CHEMICALS,NSE:ATUL,3513.85,3128.35,4149,20.92,10418.17367
PHARMA,NSE:AUROPHARMA,624.4,790.35,838,14.38,36677.01214
CONSUMER GOODS,NSE:AVANTIFEED,353.4,416.1,494.5,17.14,4817.73654
CONSUMER GOODS,NSE:DMART,1568.05,1506.8,1698.7,109.96,97871.89217
FINANCIAL SERVICES,NSE:AXISBANK,671.2,650.15,827.75,34.43,176000.9671
CHEMICALS,NSE:BASF,1016.9,1894.85,1954,67.22,4423.18641
INDUSTRIAL MANUFACTURING,NSE:BEML,812,754.3,1034.9,26.51,3390.07258
FINANCIAL SERVICES,NSE:BSE,540,733.35,784,15.14,2796.60546
AUTOMOBILE,NSE:BAJAJ-AUTO,2810,2833.7,3149.95,16.6,81205.19974
CONSUMER GOODS,NSE:BAJAJCON,250,413.7,468.4,16.65,3683.2425
CONSUMER GOODS,NSE:BAJAJELEC,376.9,525.75,587.7,24.7,3863.867275
FINANCIAL SERVICES,NSE:BAJFINANCE,3429,2600.75,3762,45.67,198006.2677
FINANCIAL SERVICES,NSE:BAJAJFINSV,7303,6362.15,8580,35.89,116292.7715
FINANCIAL SERVICES,NSE:BAJAJHLDNG,3307,3060.75,3800,12.24,36804.76045
AUTOMOBILE,NSE:BALKRISIND,738.4,1138.35,1189.65,18.45,14220.48461
SERVICES,NSE:BALMLAWRIE,167,205.8,213,#N/A,1900.296135
CONSUMER GOODS,NSE:BALRAMCHIN,134.1,76.2,169,5.32,2938.116537
FINANCIAL SERVICES,NSE:BANDHANBNK,450,620.25,665.9,24.76,53749.7686
FINANCIAL SERVICES,NSE:BANKBARODA,95.45,140.5,150,27.36,36794.45251
FINANCIAL SERVICES,NSE:BANKINDIA,66.2,90.7,110.15,#N/A,21660.46053
FINANCIAL SERVICES,NSE:MAHABANK,11.85,12.6,19.9,#N/A,6901.569387
CONSUMER GOODS,NSE:BATAINDIA,1559.85,1020.1,1564.1,57.67,20052.27078
CONSUMER GOODS,NSE:BERGEPAINT,368.1,299.4,373.05,66.36,35737.57664
INDUSTRIAL MANUFACTURING,NSE:BDL,281.7,348.35,379.25,12.7,5163.031628
INDUSTRIAL MANUFACTURING,NSE:BEL,110,88.5,117.75,14.05,26717.24262
INDUSTRIAL MANUFACTURING,NSE:BHARATFORG,399.35,654.25,692.2,18.01,18644.55601
INDUSTRIAL MANUFACTURING,NSE:BHEL,51.4,77.1,79.95,25.11,17915.10045
ENERGY,NSE:BPCL,382.95,338.05,421.7,11.55,83071.50799
TELECOM,NSE:BHARTIARTL,357.2,347.65,378.75,#N/A,182740.4194
TELECOM,NSE:INFRATEL,252.65,270.2,335,17.03,46927.45563
PHARMA,NSE:BIOCON,232.7,318.5,359,27.81,27573.30976
CEMENT & CEMENT PRODUCTS,NSE:BIRLACORPN,547.75,700.45,756.35,13.5,4213.339157
PHARMA,NSE:BLISSGVS,108,177.65,198.85,9.34,1113.98328
SERVICES,NSE:BLUEDART,2332,3259,3700,61.65,5583.154508
CONSUMER GOODS,NSE:BLUESTARCO,738.15,652.8,826.8,40.47,7152.792917
CONSUMER GOODS,NSE:BBTC,1002,1700.6,1820,#N/A,6999.018103
TEXTILES,NSE:BOMDYEING,87.15,245.75,262,1.32,1807.174202
AUTOMOBILE,NSE:BOSCHLTD,14105,20503.25,21494.45,26.85,41624.15328
CONSTRUCTION,NSE:BRIGADE,196.9,133.27,206,18.45,4022.759418
CONSUMER GOODS,NSE:BRITANNIA,2680,1485.01,2763.15,55.94,64501.54273
FINANCIAL SERVICES,NSE:CARERATING,544,1300.35,1353.7,12.72,1596.153582
CONSUMER GOODS,NSE:CCL,238.4,274.25,306.9,21.11,3194.032775
ENERGY,NSE:CESC,800.6,981.9,1018,8.82,10613.93724
INDUSTRIAL MANUFACTURING,NSE:CGPOWER,13.3,54,56.45,#N/A,833.5723249
FINANCIAL SERVICES,NSE:CRISIL,1298.8,1739.55,1785,27.03,9339.213634
PHARMA,NSE:CADILAHC,236.45,408.9,432.5,14.3,24211.20033
FINANCIAL SERVICES,NSE:CANFINHOME,400.85,309.1,417.7,17.42,5306.931023
FINANCIAL SERVICES,NSE:CANBK,197.8,262.75,302.1,22.96,14903.06519
PHARMA,NSE:CAPLIPOINT,422,525.5,537.9,16.64,3205.370535
INDUSTRIAL MANUFACTURING,NSE:CARBORUNIV,288,385,418.85,22.96,5450.79456
ENERGY,NSE:CASTROLIND,122.8,152.25,172.9,16.64,12142.72314
AUTOMOBILE,NSE:CEATLTD,881.1,1366.05,1416.8,13.56,3571.133409
FINANCIAL SERVICES,NSE:CENTRALBK,19.15,66.4,73.5,#N/A,7901.130898
FINANCIAL SERVICES,NSE:CDSL,199.3,258.95,278.7,18.35,2082.685032
CONSUMER GOODS,NSE:CENTURYPLY,139.25,198.9,222.4,20.84,3107.136152
CONSTRUCTION,NSE:CERA,2400,2588.45,3195,27.11,3150.262416
SERVICES,NSE:CHALET,308,#N/A,358.8,181.76,6478.531808
FERTILISERS & PESTICIDES,NSE:CHAMBLFERT,155.6,161.8,195,10.77,6455.407017
ENERGY,NSE:CHENNPETRO,183.85,280.35,307.6,#N/A,2737.734341
FINANCIAL SERVICES,NSE:CHOLAHLDNG,442,558.9,594,11.89,8309.119536
FINANCIAL SERVICES,NSE:CHOLAFIN,273.1,262.19,311,17.83,21367.38395
PHARMA,NSE:CIPLA,475,654.9,678.45,24.64,38282.83875
FINANCIAL SERVICES,NSE:CUB,197.85,189.15,220.5,20.75,14532.09482
METALS,NSE:COALINDIA,199.9,283.1,289.2,6.77,122977.5373
INDUSTRIAL MANUFACTURING,NSE:COCHINSHIP,351,418.7,435,9.55,4617.06453
CONSUMER GOODS,NSE:COFFEEDAY,64.1,305.25,324.85,10.62,1354.123365
CONSUMER GOODS,NSE:COLPAL,1258,1096.8,1354.8,45.31,34215.78848
SERVICES,NSE:CONCOR,513.3,506.8,582.75,25.54,31336.06545
FERTILISERS & PESTICIDES,NSE:COROMANDEL,380.2,399.35,517,16.07,11130.29849
FINANCIAL SERVICES,NSE:CORPBANK,16.85,26.3,32.4,#N/A,10130.16566
SERVICES,NSE:COX&KINGS,3.55,216.65,223.65,0.08,62.0911008
FINANCIAL SERVICES,NSE:CREDITACC,597.5,378.1,628.8,25.82,8651.406826
CONSUMER GOODS,NSE:CROMPTON,232,218.75,253,34.93,14547.15168
INDUSTRIAL MANUFACTURING,NSE:CUMMINSIND,579.5,753.75,884.2,21.63,16051.20351
IT,NSE:CYIENT,443,788.75,810,10.22,4871.72416
MEDIA & ENTERTAINMENT,NSE:DBCORP,134.7,224.1,229.9,8.93,2356.309741
FINANCIAL SERVICES,NSE:DCBBANK,197,168.4,244.65,18.4,6107.52993
CONSUMER GOODS,NSE:DCMSHRIRAM,389,373.95,638.5,6.72,5994.206895
CONSTRUCTION,NSE:DLF,154.9,198.9,214.25,22.3,38181.67712
CONSUMER GOODS,NSE:DABUR,444.15,443.75,475.15,53.3,78484.10207
CEMENT & CEMENT PRODUCTS,NSE:DALBHARAT,848,#N/A,1219.9,59.75,16171.98752
CHEMICALS,NSE:DEEPAKFERT,87.8,239.75,249.75,17.17,779.5068531
CHEMICALS,NSE:DEEPAKNTR,278.55,254.55,337.95,21.88,3795.124189
SERVICES,NSE:DELTACORP,176.6,265.4,279.35,24.09,4790.213347
FINANCIAL SERVICES,NSE:DHFL,48.7,611.7,651.75,1.32,1539.384
CONSTRUCTION,NSE:DBL,427,774.85,802.95,10.69,5826.715965
MEDIA & ENTERTAINMENT,NSE:DISHTV,23.5,67.85,69.4,#N/A,4308.61151
PHARMA,NSE:DCAL,179.05,288.2,303.65,14.08,2915.63816
PHARMA,NSE:DIVISLAB,1629,1244.65,1774.95,31.97,43244.81865
CONSUMER GOODS,NSE:DIXON,2565.65,2716.5,2839.15,40.21,2915.138317
HEALTHCARE SERVICES,NSE:LALPATHLAB,1290,990.6,1310,51.01,10622.80944
PHARMA,NSE:DRREDDY,2750,2524.45,2964,21.24,629.5334574
FERTILISERS & PESTICIDES,NSE:EIDPARRY,150.8,209.75,247.9,8.33,2669.083146
SERVICES,NSE:EIHOTEL,155.5,173.1,214.8,#N/A,8887.902615
FINANCIAL SERVICES,NSE:EDELWEISS,105.7,255.5,271.5,11.04,9441.434623
AUTOMOBILE,NSE:EICHERMOT,16201,28069.6,29800,21.28,44198.91049
INDUSTRIAL MANUFACTURING,NSE:ELGIEQUIP,252,283.15,298.65,39.31,4009.01825
CONSUMER GOODS,NSE:EMAMILTD,293.15,554.35,568.1,42.12,13307.10718
AUTOMOBILE,NSE:ENDURANCE,985,1469.9,1486.6,25.85,13855.2858
CONSTRUCTION,NSE:ENGINERSIN,110.9,123.4,138.7,#N/A,6985.83652
FINANCIAL SERVICES,NSE:EQUITAS,108.35,144.7,156.65,20.93,3711.056486
PHARMA,NSE:ERIS,369.9,736,780.2,16.83,5086.9228
AUTOMOBILE,NSE:ESCORTS,504.3,768.25,833.9,9.71,6182.917641
INDUSTRIAL MANUFACTURING,NSE:ESSELPACK,103,117,138.4,17.04,3248.67356
AUTOMOBILE,NSE:EXIDEIND,181.3,267.65,280.25,18.82,15431.81418
PHARMA,NSE:FDC,164,246.6,269.2,16.84,2815.070341
FINANCIAL SERVICES,NSE:FEDERALBNK,86.4,75.8,110.4,12.16,17167.79769
CHEMICALS,NSE:FINEORG,1505,1097.95,1651,35.92,4614.325485
INDUSTRIAL MANUFACTURING,NSE:FINCABLES,373.15,544.45,629.9,14.01,5685.471035
INDUSTRIAL MANUFACTURING,NSE:FINPIPE,509.5,586.8,602.95,17.22,6301.592943
IT,NSE:FSL,48.5,73.5,75.9,8.85,3381.800389
HEALTHCARE SERVICES,NSE:FORTIS,126.5,143.65,153,#N/A,9538.841913
CONSUMER GOODS,NSE:FCONSUMER,27.15,50.25,53.2,#N/A,5178.715817
CONSUMER GOODS,NSE:FLFL,429.85,418.45,504.35,44.74,8373.602775
CONSUMER GOODS,NSE:FRETAIL,404.9,565.8,594,27.76,20382.87678
ENERGY,NSE:GAIL,132.4,186.08,197.28,9.12,59714.26409
INDUSTRIAL MANUFACTURING,NSE:GEPIL,760,750.75,938,79.45,5145.367101
INDUSTRIAL MANUFACTURING,NSE:GET&D,164.7,269.7,332.7,31.44,4217.085777
CHEMICALS,NSE:GHCL,190.95,252.9,277.45,4.9,1884.219255
CONSTRUCTION,NSE:GMRINFRA,15.8,18.05,21.35,#N/A,9508.353215
CHEMICALS,NSE:GALAXYSURF,1350,1348.8,1409.95,24.19,4786.39125
SERVICES,NSE:GDL,108,167.1,183.95,2.99,1174.2624
CONSTRUCTION,NSE:GAYAPROJ,114.1,195.75,211,12.81,2149.8652
FINANCIAL SERVICES,NSE:GICRE,172.3,329.1,358.55,10.96,30280.857
CONSUMER GOODS,NSE:GILLETTE,7130,6731.1,7919.85,91.86,23233.25473
CONSUMER GOODS,NSE:GSKCONS,7910,7144.25,8160,32.28,33265.92423
PHARMA,NSE:GLAXO,1327.1,1748.55,1800.05,50.48,22538.37639
PHARMA,NSE:GLENMARK,383.45,669.5,711.9,13.5,10801.56597
CONSUMER GOODS,NSE:GODFRYPHLP,1011,921.5,1209.9,20.2,5268.568573
CONSUMER GOODS,NSE:GODREJAGRO,464.55,577.7,594.35,27.25,8921.30623
CONSUMER GOODS,NSE:GODREJCP,608.5,832.17,902.9,26.54,62048.85033
CONSUMER GOODS,NSE:GODREJIND,400,583.5,611,21.72,13463.68
CONSTRUCTION,NSE:GODREJPROP,896.95,657.05,1119.6,66.86,22520.66874
PHARMA,NSE:GRANULES,92.65,114.4,123.4,8.82,2364.50175
INDUSTRIAL MANUFACTURING,NSE:GRAPHITE,278.5,1001.65,1062,2.05,5425.633202
CEMENT & CEMENT PRODUCTS,NSE:GRASIM,705.6,1003.95,1082,24.54,46313.80429
SERVICES,NSE:GESHIP,247.75,295.9,354,22.12,3735.500175
INDUSTRIAL MANUFACTURING,NSE:GREAVESCOT,130,152.35,162,#N/A,3174.6884
INDUSTRIAL MANUFACTURING,NSE:GRINDWELL,562.5,514.3,616.9,37.34,6228
FINANCIAL SERVICES,NSE:GRUH,251,319.7,340.95,41.05,18423.94969
CHEMICALS,NSE:GUJALKALI,437.9,558.3,648,4.83,3210.781776
ENERGY,NSE:GUJGASLTD,174.3,139.71,194.45,22.61,11998.63965
METALS,NSE:GMDCLTD,66.7,109.1,116.9,9.64,2121.059903
CHEMICALS,NSE:GNFC,187.5,399.55,411.75,4.62,2918.01933
SERVICES,NSE:GPPL,83.75,106.7,109.5,17.11,4000.485084
FERTILISERS & PESTICIDES,NSE:GSFC,74.9,111.15,119.3,6.42,2984.627299
ENERGY,NSE:GSPL,217.05,183.45,226,10.99,12242.72062
ENERGY,NSE:GULFOILLUB,860,808.35,917.9,23.19,4307.25582
INDUSTRIAL MANUFACTURING,NSE:HEG,1018,4018.4,4955,1.34,3937.129446
IT,NSE:HCLTECH,1085,1085.1,1187.6,14.69,147018.368
FINANCIAL SERVICES,NSE:HDFCAMC,2642,1614.15,2699,55.29,56243.88835
FINANCIAL SERVICES,NSE:HDFCBANK,2245.15,2000.4,2503.3,26.47,28610.23637
FINANCIAL SERVICES,NSE:HDFCLIFE,531.7,445.95,569.75,81.18,107096.859
MEDIA & ENTERTAINMENT,NSE:HATHWAY,25.7,24.85,38.45,#N/A,4549.167415
CONSUMER GOODS,NSE:HATSUN,626.05,735.85,785,78.04,10522.54946
CONSUMER GOODS,NSE:HAVELLS,660.85,632.6,806.85,52.56,41362.8571
CEMENT & CEMENT PRODUCTS,NSE:HEIDELBERG,191.05,166.9,215,17.42,4329.443345
CONSUMER GOODS,NSE:HERITGFOOD,381,578.5,588.55,21.94,1757.552829
AUTOMOBILE,NSE:HEROMOTOCO,2686.25,3184.2,3380,15.58,53650.72393
IT,NSE:HEXAWARE,381.2,454.1,475.35,19.68,11360.25211
TELECOM,NSE:HFCL,19.15,23.8,25.3,8.56,2459.650299
CHEMICALS,NSE:HSCL,73.25,121.35,154.85,9.46,3057.944717
TEXTILES,NSE:HIMATSEIDE,142.9,280,295.35,7.12,1407.919158
METALS,NSE:HINDALCO,188.95,231.6,259.75,8.28,42493.059
INDUSTRIAL MANUFACTURING,NSE:HAL,707,911.75,968.15,10.44,23641.18918
METALS,NSE:HINDCOPPER,34.4,58.75,63.9,24.25,3182.681579
ENERGY,NSE:HINDPETRO,262.15,243.7,333.5,7.16,39946.9928
CONSUMER GOODS,NSE:HINDUNILVR,1835,1590.65,1889,63.27,397005.7247
METALS,NSE:HINDZINC,214.85,288.35,309.45,11.65,90991.57966
INDUSTRIAL MANUFACTURING,NSE:HONAUT,27660,22344.6,27892.35,64.21,24525.1267
FINANCIAL SERVICES,NSE:HUDCO,36,56.75,59.25,6.1,7156.708384
FINANCIAL SERVICES,NSE:HDFC,2066.7,1868.05,2357.85,21.7,356325.2678
FINANCIAL SERVICES,NSE:ICICIBANK,395.85,326.55,443.9,59.89,7066.64562
FINANCIAL SERVICES,NSE:ICICIGI,1173.5,898.7,1284.55,49.89,53327.18448
FINANCIAL SERVICES,NSE:ICICIPRULI,441.15,372.85,445.25,55.39,63500.06176
FINANCIAL SERVICES,NSE:ISEC,222.3,328.85,337.45,15.21,7177.383675
FINANCIAL SERVICES,NSE:ICRA,2751.1,3649.6,4000,27.08,2646.36049
FINANCIAL SERVICES,NSE:IDBI,27.8,57.4,65.75,#N/A,21661.6232
FINANCIAL SERVICES,NSE:IDFCFIRSTB,43.2,43.9,43.3,18.2,20541.98
FINANCIAL SERVICES,NSE:IDFC,35.25,49.2,51.35,#N/A,5627.061562
CONSUMER GOODS,NSE:IFBIND,653.05,1102.85,1190,38.02,2629.29475
FINANCIAL SERVICES,NSE:IFCI,7.25,15.35,16.15,#N/A,1226.202942
CONSTRUCTION,NSE:IRB,72.8,170.5,179.5,3.17,2558.555379
CONSTRUCTION,NSE:IRCON,343.5,#N/A,471,7.61,3230.671773
CONSUMER GOODS,NSE:ITC,245.7,297.2,310.75,#N/A,301534.393
CONSTRUCTION,NSE:ITDCEM,67.6,131.7,143.85,27.13,1161.28415
TELECOM,NSE:ITI,72.45,104.55,116.7,70.23,6498.764002
CEMENT & CEMENT PRODUCTS,NSE:INDIACEM,75.25,114.9,124,#N/A,2325.806082
SERVICES,NSE:ITDC,176,397.95,429.95,42.41,1513.830087
FINANCIAL SERVICES,NSE:IBULHSGFIN,423,1130.25,1234.75,4.73,18137.69722
IT,NSE:IBULISL,81,729.8,785,#N/A,719.0886015
CONSTRUCTION,NSE:IBREALEST,63.75,141,152.8,10.72,2914.504645
FINANCIAL SERVICES,NSE:IBVENTURES,151,727.4,797,18.48,8728.11603
FINANCIAL SERVICES,NSE:INDIANB,165.5,319.05,327.7,20.92,8149.708034
FINANCIAL SERVICES,NSE:IEX,134,171.86,177.51,24.82,3995.73528
SERVICES,NSE:INDHOTEL,134.9,128.55,164.3,57.58,16043.08969
ENERGY,NSE:IOC,126.6,150.7,170.75,8.43,119183.0376
FINANCIAL SERVICES,NSE:IOB,9.85,14.55,17.3,#N/A,9004.523629
FINANCIAL SERVICES,NSE:INDOSTAR,280.8,437.65,450,10.54,2610.674361
PHARMA,NSE:INDOCO,158,224.15,238.9,136.38,1455.97553
ENERGY,NSE:IGL,333.3,264.85,350.8,25.92,23313.62931
FINANCIAL SERVICES,NSE:INDUSINDBK,1335,1826.5,1889.3,23.04,92429.23204
IT,NSE:INFIBEAM,39.35,225,242.7,18.6,2592.838908
IT,NSE:NAUKRI,2059,1623.1,2443.9,41.9,25162.60661
IT,NSE:INFY,830,734.3,847,23.11,5093.843501
MEDIA & ENTERTAINMENT,NSE:INOXLEISUR,278.85,229.85,383.4,21.36,2871.918334
INDUSTRIAL MANUFACTURING,NSE:INOXWIND,33.8,95.15,106.5,#N/A,748.9990299
IT,NSE:INTELLECT,213.7,251.3,291.8,30.58,2820.106969
SERVICES,NSE:INDIGO,1670,892.35,1716,48.24,64473.37255
PHARMA,NSE:IPCALAB,933,765.55,1046,23.3,11785.49739
PHARMA,NSE:JBCHEPHARM,383.05,343,407,#N/A,3074.685317
CEMENT & CEMENT PRODUCTS,NSE:JKCEMENT,998.5,800.65,1085.05,27.18,7715.233764
CEMENT & CEMENT PRODUCTS,NSE:JKLAKSHMI,323.4,326,395.95,74.25,3805.447728
PAPER,NSE:JKPAPER,118.85,178.7,189.4,4.87,2110.261035
AUTOMOBILE,NSE:JKTYRE,62.1,120.15,123.4,11.01,1527.858348
FINANCIAL SERVICES,NSE:JMFINANCIL,72.55,112.9,119,10.96,6100.936524
ENERGY,NSE:JSWENERGY,66.05,66.2,77.25,15.24,10843.48668
METALS,NSE:JSWSTEEL,219.35,395.2,427.55,8.41,52757.2488
MEDIA & ENTERTAINMENT,NSE:JAGRAN,69.5,118.9,128.95,8.62,2060.061315
INDUSTRIAL MANUFACTURING,NSE:JAICORPLTD,79.2,154.65,162.5,#N/A,1418.700965
INDUSTRIAL MANUFACTURING,NSE:JISLJALEQS,19.8,82.95,88.45,5.69,1009.01012
CEMENT & CEMENT PRODUCTS,NSE:JPASSOCIAT,2.35,10.1,11.35,#N/A,576.6633177
FINANCIAL SERVICES,NSE:J&KBANK,39.35,55,65.75,4.73,2191.237719
AUTOMOBILE,NSE:JAMNAAUTO,36.9,76.2,84.35,12.48,1470.331852
SERVICES,NSE:JETAIRWAYS,38.1,269.8,366.95,#N/A,439.014292
METALS,NSE:JINDALSAW,71.9,88.85,101.9,2.59,2299.031309
METALS,NSE:JSLHISAR,66,139.1,160.5,4.49,1560.59608
METALS,NSE:JSL,34.4,63.85,72,35.38,1648.522377
METALS,NSE:JINDALSTEL,95.6,216.95,246.45,#N/A,9711.340135
CONSUMER GOODS,NSE:JUBLFOOD,1209,1353.3,1487.7,49.97,15927.21528
PHARMA,NSE:JUBILANT,491.5,769.15,898.85,13.85,7810.054068
IT,NSE:JUSTDIAL,744,517.95,824.8,24.09,4823.377822
CONSUMER GOODS,NSE:JYOTHYLAB,145.2,201,222.45,25.84,5352.13893
TEXTILES,NSE:KPRMILL,554,686.05,713,11.63,4062.663766
INDUSTRIAL MANUFACTURING,NSE:KEI,458.25,410.15,532.5,18.71,3626.660191
METALS,NSE:KIOCL,124.9,176.05,250.9,97.26,7767.84959
CONSTRUCTION,NSE:KNRCON,222.25,206.05,303.35,11.55,3149.811488
CONSUMER GOODS,NSE:KRBL,224.05,376.35,397.9,9.78,5282.530512
CONSTRUCTION,NSE:KAJARIACER,493.3,422.05,649.65,33.83,7878.358574
ENERGY,NSE:KALPATPOWR,450.8,332.6,554.5,14.82,6914.1182
CONSUMER GOODS,NSE:KANSAINER,455,481.95,499.5,54.16,24435.1426
FINANCIAL SERVICES,NSE:KTKBANK,76.5,113.45,141.25,4.94,2173.234895
FINANCIAL SERVICES,NSE:KARURVYSYA,58.85,89,95,19.75,4732.08792
CONSUMER GOODS,NSE:KSCL,492,621.2,651.3,12.84,3108.804024
CONSTRUCTION,NSE:KEC,244.95,288.4,340.95,12.65,6297.37783
INDUSTRIAL MANUFACTURING,NSE:KIRLOSENG,167,261.9,283,11.02,2415.05046
CONSTRUCTION,NSE:KOLTEPATIL,233,270.15,320.2,11.57,1761.17
FINANCIAL SERVICES,NSE:KOTAKBANK,1470.55,1206.4,1555.9,37.14,281467.3236
FINANCIAL SERVICES,NSE:L&TFH,92.75,157,167,8.31,18594.57632
IT,NSE:LTTS,1629.5,1682.9,1820,22.23,17000.2686
FINANCIAL SERVICES,NSE:LICHSGFIN,398.3,472.75,587,8.13,20146.14925
INDUSTRIAL MANUFACTURING,NSE:LAXMIMACH,3659,7032.5,7250,21.45,3873.294639
FINANCIAL SERVICES,NSE:LAKSHVILAS,35.3,94.35,97.4,#N/A,1183.603546
IT,NSE:LTI,1674,1889.15,1987,19.4,29105.32876
CONSTRUCTION,NSE:LT,1360.5,1329.65,1607,20.88,190508.0054
PHARMA,NSE:LAURUSLABS,352,430.95,446.8,40.65,3746.57184
SERVICES,NSE:LEMONTREE,52.85,73.4,89.3,78.93,4179.308018
CHEMICALS,NSE:LINDEINDIA,502,420.7,819,166.64,4281.267844
PHARMA,NSE:LUPIN,765.5,940.3,986.1,49.02,34646.80558
TEXTILES,NSE:LUXIND,1153.35,1722.65,1939.7,29.11,2882.395577
FINANCIAL SERVICES,NSE:MASFIN,610.3,582.2,677.9,20.35,3336.023624
SERVICES,NSE:MMTC,20.7,31.85,35.75,25.44,3097.444614
METALS,NSE:MOIL,123.7,184.25,199.8,6.66,3184.050371
AUTOMOBILE,NSE:MRF,59100,69769.55,71550.05,22.06,25053.8898
FINANCIAL SERVICES,NSE:MAGMA,58.95,140.2,144.6,6.46,1587.891627
ENERGY,NSE:MGL,851.3,832.6,1067.25,14.29,8427.764892
AUTOMOBILE,NSE:MAHSCOOTER,4023.85,2922.95,4786,63.47,4598.681227
METALS,NSE:MAHSEAMLES,376,473,531.5,10.76,2519.185712
FINANCIAL SERVICES,NSE:M&MFIN,324,439.2,484,10.92,19922.87016
AUTOMOBILE,NSE:M&M,534,943.15,976.7,10.97,63497.9199
INDUSTRIAL MANUFACTURING,NSE:MAHINDCIE,158,282.65,302,11.83,6006.699043
SERVICES,NSE:MHRIL,213,247.95,257.45,46.88,2857.805971
SERVICES,NSE:MAHLOG,341.5,551.7,594.95,30.48,2439.938272
FINANCIAL SERVICES,NSE:MANAPPURAM,123.75,87.9,144.95,10.51,10435.36725
ENERGY,NSE:MRPL,46,74.2,87.25,#N/A,8096.796282
CONSUMER GOODS,NSE:MARICO,386.45,336.95,401.75,42.74,49846.64127
AUTOMOBILE,NSE:MARUTI,6355.05,8517.05,8750,27.38,191356.3789
FINANCIAL SERVICES,NSE:MFSL,399,469.1,519.35,40.84,10755.50297
HEALTHCARE SERVICES,NSE:MAXINDIA,63,82.9,89.9,#N/A,1653.54565
IT,NSE:MINDTREE,680.3,1161.3,1183.8,16.25,11234.51577
AUTOMOBILE,NSE:MINDACORP,97.7,146.1,156.05,14.53,2176.745875
AUTOMOBILE,NSE:MINDAIND,325,396.1,415,31.22,8522.126065
AUTOMOBILE,NSE:MOTHERSUMI,99.4,194.1,204,20.89,31374.21525
FINANCIAL SERVICES,NSE:MOTILALOFS,585.5,764.05,855.9,26.61,8615.380735
IT,NSE:MPHASIS,993.5,1259.3,1265,17.62,18461.56615
FINANCIAL SERVICES,NSE:MUTHOOTFIN,609.75,436.95,656.4,11.77,24434.68248
PHARMA,NSE:NATCOPHARM,587,829.75,848.3,17.83,10599.24833
CONSTRUCTION,NSE:NBCC,37.7,67.25,71.1,20.06,6731.17125
CONSTRUCTION,NSE:NCC,58.45,88.5,119.2,6.38,3516.954081
SERVICES,NSE:NESCO,534.3,485.15,585,20.74,3764.675042
ENERGY,NSE:NHPC,24.3,24.9,27.5,#N/A,24208.52268
IT,NSE:NIITTECH,1444,1319.7,1545,22.22,9000.690855
ENERGY,NSE:NLCINDIA,55.65,71.1,85.4,5.48,7709.695948
METALS,NSE:NMDC,82.85,118.35,124.4,5.49,25382.72868
ENERGY,NSE:NTPC,126.3,141.46,146.17,9.89,124968.2832
HEALTHCARE SERVICES,NSE:NH,246,250.5,263.45,53.35,4935.713628
METALS,NSE:NATIONALUM,43.7,69.85,72.45,7.25,8152.746432
FERTILISERS & PESTICIDES,NSE:NFL,26.7,44.5,49.95,6.91,1307.372995
ENERGY,NSE:NBVENTURES,86.3,122.2,137.4,3.89,1485.300267
CHEMICALS,NSE:NAVINFLUOR,735.8,698,781.9,#N/A,3675.257287
MEDIA & ENTERTAINMENT,NSE:NETWORK18,23.05,55.3,57.25,#N/A,2434.576655
INDUSTRIAL MANUFACTURING,NSE:NILKAMAL,992.65,1790.2,1893.8,#N/A,1481.283984
CONSTRUCTION,NSE:OBEROIRLTY,515,455.15,641.7,28.38,18648.26167
ENERGY,NSE:ONGC,129.1,167.8,185.4,5.69,163042.054
ENERGY,NSE:OIL,154.05,202.75,227,5.39,16699.837
CONSTRUCTION,NSE:OMAXE,194.5,220.5,222.65,63.15,3567.4821
IT,NSE:OFSS,3045,4192.55,4658.4,19.23,26095.62396
CEMENT & CEMENT PRODUCTS,NSE:ORIENTCEM,87.5,109.85,124,20.5,1792.601125
CONSUMER GOODS,NSE:ORIENTELEC,154,159.9,173.7,43.18,3267.65516
FINANCIAL SERVICES,NSE:ORIENTBANK,65.05,75.4,118.95,8.61,9817.339956
CONSUMER GOODS,NSE:PCJEWELLER,32.65,84.1,163.5,#N/A,1295.608826
FERTILISERS & PESTICIDES,NSE:PIIND,1240,770.45,1254,39.82,17051.67073
FINANCIAL SERVICES,NSE:PNBHOUSING,639.8,1303.35,1315.9,8.84,10756.6117
CONSTRUCTION,NSE:PNCINFRA,178.5,143.65,219.4,11.1,4610.010946
ENERGY,NSE:PTC,62,81.35,94.1,4.53,1835.25146
MEDIA & ENTERTAINMENT,NSE:PVR,1562.6,1352.85,1829.95,49.78,7303.370397
TEXTILES,NSE:PAGEIND,18200,33517.8,34467.95,53.4,20269.01776
CONSUMER GOODS,NSE:PARAGMILK,147.85,289.15,297.55,10.35,1242.744604
IT,NSE:PERSISTENT,557.3,877.3,915,12.75,4179.446664
ENERGY,NSE:PETRONET,265.35,239.4,268.8,18.2,39802.50092
PHARMA,NSE:PFIZER,3185.4,3640.8,3788,32.38,14632.15191
CHEMICALS,NSE:PHILIPCARB,116,225.3,242.25,5.67,1999.208963
CONSTRUCTION,NSE:PHOENIXLTD,697.65,597.8,715,21.81,10698.01663
CHEMICALS,NSE:PIDILITIND,1375.05,1113.65,1400,71.36,70002.08578
PHARMA,NSE:PEL,1890,2922.3,3128,18.91,37342.28319
FINANCIAL SERVICES,NSE:PFC,109.85,81.2,138.75,2.92,29001.28938
ENERGY,NSE:POWERGRID,203.1,186.9,216.25,10.36,106253.6367
INDUSTRIAL MANUFACTURING,NSE:PRAJIND,105.85,96.25,167.9,26.22,1941.866944
CONSTRUCTION,NSE:PRESTIGE,298.6,220.8,313,27.37,11197.50321
CEMENT & CEMENT PRODUCTS,NSE:PRSMJOHNSN,89.1,104.05,109.3,38.53,4484.906338
PHARMA,NSE:PGHL,4199.9,2933.35,4248,7.72,6726.567
CONSUMER GOODS,NSE:PGHH,10198,10004.35,11245,78.97,33103.45245
FINANCIAL SERVICES,NSE:PNB,62.7,81.7,99.9,#N/A,28821.81992
SERVICES,NSE:QUESS,454.85,926.1,977.6,26.09,6645.498218
FINANCIAL SERVICES,NSE:RBLBANK,361.15,602.9,716.4,16.92,15482.11009
FINANCIAL SERVICES,NSE:RECLTD,150.65,111.65,169.55,5.18,29752.13846
CONSTRUCTION,NSE:RITES,229.1,208.8,257.28,11.92,5800.039152
CONSUMER GOODS,NSE:RADICO,300,440.85,474.4,20.45,4005.59288
CHEMICALS,NSE:RAIN,105.95,186.4,202,15.47,3525.011909
CONSUMER GOODS,NSE:RAJESHEXPO,674.4,685.65,784.8,16.66,19912.33512
FERTILISERS & PESTICIDES,NSE:RALLIS,167.8,199.2,210.85,19.38,3258.662733
INDUSTRIAL MANUFACTURING,NSE:RKFORGE,300.75,620.75,719,9.27,976.1051428
FERTILISERS & PESTICIDES,NSE:RCF,42.3,68,79.6,19.67,2325.328074
TEXTILES,NSE:RAYMOND,560.55,779.1,885,22.48,3440.702911
SERVICES,NSE:REDINGTON,110,111,115.5,8.17,4289.6524
CONSUMER GOODS,NSE:RELAXO,489.5,415.65,514,68.43,12149.57103
FINANCIAL SERVICES,NSE:RELCAPITAL,35.7,439.75,471.05,0.69,904.0184916
TELECOM,NSE:RCOM,0.75,16.15,18.65,#N/A,205.81905
FINANCIAL SERVICES,NSE:RHFL,5.65,67.95,76.7,3.93,273.591601
ENERGY,NSE:RELIANCE,1221.7,1237.7,1417.5,17.99,774704.2064
ENERGY,NSE:RELINFRA,38.1,457.2,485.3,#N/A,1016.064479
FINANCIAL SERVICES,NSE:RNAM,284.95,219.7,289,34.82,17479.76008
ENERGY,NSE:RPOWER,3.35,35.2,37.45,#N/A,933.9695884
FINANCIAL SERVICES,NSE:REPCOHOME,315.35,539.8,547.5,7.85,1966.876032
TEXTILES,NSE:RUPA,186.5,366.15,386.9,20.02,1483.133417
CONSUMER GOODS,NSE:SHK,130.85,222.25,235.5,21.11,1842.11451
FINANCIAL SERVICES,NSE:SBILIFE,807.95,676.6,862.45,60.08,80843.16226
ENERGY,NSE:SJVN,25.25,28.45,30.5,6.64,9922.72985
INDUSTRIAL MANUFACTURING,NSE:SKFINDIA,1895.9,1775.7,2165,26.21,9283.078347
FINANCIAL SERVICES,NSE:SREINFRA,12.4,50.6,52.8,1.6,625.2550509
TEXTILES,NSE:SRF,2789.15,1941.7,3086.1,23.97,16049.1454
CONSTRUCTION,NSE:SADBHAV,145.75,261.95,274.45,54.15,2499.752419
PHARMA,NSE:SANOFI,6300,6623.75,6774.95,37.32,14448.91797
INDUSTRIAL MANUFACTURING,NSE:SCHAEFFLER,4125,5411.8,5798,33.35,12895.05525
SERVICES,NSE:SIS,800,1062.6,1119.8,23.69,5865.4744
METALS,NSE:SHANKARA,441,1222.55,1365,50.26,1004.460273
FERTILISERS & PESTICIDES,NSE:SHARDACROP,299,380.2,419.2,16.37,2715.024361
CONSUMER GOODS,NSE:SFL,1249.95,1752.55,1848.8,43.58,6097.607098
PHARMA,NSE:SHILPAMED,276,504.45,548.9,24.11,2260.00757
SERVICES,NSE:SCI,32.9,52.85,55.7,#N/A,1537.271412
CONSUMER GOODS,NSE:SHOPERSTOP,393,614.95,649.35,53.21,3458.003856
CEMENT & CEMENT PRODUCTS,NSE:SHREECEM,18099.9,17036.1,22399.9,62.65,63055.02119
CONSUMER GOODS,NSE:RENUKA,7.6,11.5,18.35,6.5,1462.553822
FINANCIAL SERVICES,NSE:SHRIRAMCIT,1328,1933,2065,8.55,8770.608655
FINANCIAL SERVICES,NSE:SRTRANSFIN,1008.7,1186.65,1297,8.89,22885.65823
INDUSTRIAL MANUFACTURING,NSE:SIEMENS,1226.85,954.45,1367.05,41.7,43690.60587
INDUSTRIAL MANUFACTURING,NSE:SPTL,4.4,35.6,36.85,#N/A,278.2834706
CONSTRUCTION,NSE:SOBHA,524.75,424.75,586.9,14.86,4977.509567
CHEMICALS,NSE:SOLARINDS,1089,1128.2,1311,37.44,9923.239745
IT,NSE:SONATSOFTW,306,367.95,428.6,12.52,3179.01564
FINANCIAL SERVICES,NSE:SOUTHBANK,10.8,16.05,18.5,6.57,1954.499795
CEMENT & CEMENT PRODUCTS,NSE:STARCEMENT,95.05,104.35,140,13.64,3989.213566
FINANCIAL SERVICES,NSE:SBIN,277.9,282.6,373.8,26.13,248014.9065
METALS,NSE:SAIL,32.9,74.5,80.7,5.79,13589.87525
TELECOM,NSE:STRTECH,126.35,341.85,399.9,8.78,5111.493251
PHARMA,NSE:STAR,397.95,490.65,551.4,10.73,3563.658522
CHEMICALS,NSE:SUDARSCHEM,315.5,430.3,444.8,#N/A,2184.119422
PHARMA,NSE:SPARC,151.55,381.55,414,#N/A,3987.200017
PHARMA,NSE:SUNPHARMA,428.2,630.4,670.9,34.28,102931.8505
MEDIA & ENTERTAINMENT,NSE:SUNTV,439.2,666.7,702,12.34,17331.84023
AUTOMOBILE,NSE:SUNCLAYLTD,1914,3821.65,4450,9.12,3872.420112
FINANCIAL SERVICES,NSE:SUNDARMFIN,1535,1558.55,1732.9,14.71,16877.74873
AUTOMOBILE,NSE:SUNDRMFAST,425.25,617.3,644.4,#N/A,8858.463586
CONSTRUCTION,NSE:SUNTECK,445.9,465,533.35,32.57,6610.793817
AUTOMOBILE,NSE:SUPRAJIT,160.25,212.35,249,17.26,2231.3904
INDUSTRIAL MANUFACTURING,NSE:SUPREMEIND,1100.1,1150.5,1204.7,34.95,13974.21796
PHARMA,NSE:SUVEN,270.4,309.3,337.8,39.59,3448.779172
INDUSTRIAL MANUFACTURING,NSE:SUZLON,2.8,6.95,8.4,#N/A,1494.856745
TEXTILES,NSE:SWANENERGY,111.25,149.45,160.95,#N/A,2717.358013
CONSUMER GOODS,NSE:SYMPHONY,1230,1000.4,1589.1,81.29,8604.711
FINANCIAL SERVICES,NSE:SYNDIBANK,31.1,36.7,46.6,#N/A,8359.797043
PHARMA,NSE:SYNGENE,324,306.1,369,38.15,12784.43865
TEXTILES,NSE:TCNSBRANDS,651,650,870,31.03,3995.894637
CONSUMER GOODS,NSE:TTKPRESTIG,5701,5664.21,7733.33,41.08,7902.38414
MEDIA & ENTERTAINMENT,NSE:TVTODAY,297,431.3,451.45,12.47,1771.934967
MEDIA & ENTERTAINMENT,NSE:TV18BRDCST,20.95,41.25,42.9,18.12,3530.106554
AUTOMOBILE,NSE:TVSMOTOR,390.7,574.05,604.7,26.34,18469.09466
PHARMA,NSE:TAKE,128.8,196.95,203.65,11.17,1910.089535
PAPER,NSE:TNPL,194.5,299.2,323.4,9.17,1350.696345
CHEMICALS,NSE:TATACHEM,587.3,738.1,763,12.58,14970.85193
CONSUMER GOODS,NSE:TATACOFFEE,74.45,111.05,115.8,20.04,1390.505571
IT,NSE:TCS,2185,2046.25,2296.2,25.53,819202.1246
IT,NSE:TATAELXSI,638,1311.9,1378,14.81,3973.560265
CONSUMER GOODS,NSE:TATAGLOBAL,263.65,216,282,39.86,16674.51192
FINANCIAL SERVICES,NSE:TATAINVEST,763.05,777.25,933,31.17,3860.673542
AUTOMOBILE,NSE:TATAMTRDVR,55.55,142.75,149.75,#N/A,541.1787497
AUTOMOBILE,NSE:TATAMOTORS,121.8,267.3,282,#N/A,541.1787497
ENERGY,NSE:TATAPOWER,61.5,74.45,86.1,688.69,16366.02279
METALS,NSE:TATASTEEL,352,592.1,647.6,4.49,40107.9686
SERVICES,NSE:TEAMLEASE,2885.5,2514.7,3210,51.94,4924.244254
IT,NSE:TECHM,714,747.2,846.5,14.65,68779.9073
FINANCIAL SERVICES,NSE:NIACL,108.95,245.45,253.45,29.69,17954.9595
CEMENT & CEMENT PRODUCTS,NSE:RAMCOCEM,722.75,641.45,845,32.28,16994.39381
INDUSTRIAL MANUFACTURING,NSE:THERMAX,995.35,976.95,1198,33.08,11222.79614
SERVICES,NSE:THOMASCOOK,145.6,246.2,264.4,146.21,5371.004345
HEALTHCARE SERVICES,NSE:THYROCARE,467,654.6,684,27.89,2465.677808
INDUSTRIAL MANUFACTURING,NSE:TIMETECHNO,64.6,152.55,161.7,7.2,1460.907001
INDUSTRIAL MANUFACTURING,NSE:TIMKEN,690,651.2,758.7,30.78,5196.343974
CONSUMER GOODS,NSE:TITAN,1086.75,820.75,1340.9,67.05,96574.17518
PHARMA,NSE:TORNTPHARM,1712,1745.85,1962,59.24,28970.92624
ENERGY,NSE:TORNTPOWER,278.95,245.15,313,14.13,13406.80064
CONSUMER GOODS,NSE:TRENT,460,359.85,489.25,157.66,16286.72238
TEXTILES,NSE:TRIDENT,58.3,64.8,75.7,#N/A,2970.941726
INDUSTRIAL MANUFACTURING,NSE:TRITURBINE,96.6,120,125,28.24,3144.13375
AUTOMOBILE,NSE:TIINDIA,337.95,295.45,434,24.64,6321.36786
FINANCIAL SERVICES,NSE:UCOBANK,14.8,19.55,23.5,#N/A,10932.8658
INDUSTRIAL MANUFACTURING,NSE:UFLEX,209.3,310.8,355,4.87,1501.251867
FERTILISERS & PESTICIDES,NSE:UPL,589.8,458.43,709.05,40.44,44997.31487
FINANCIAL SERVICES,NSE:UJJIVAN,305.9,322.25,371.6,19.88,3714.479387
CEMENT & CEMENT PRODUCTS,NSE:ULTRACEMCO,3904,4107.6,4904.95,35.6,107087.682
FINANCIAL SERVICES,NSE:UNIONBANK,56.3,80.75,100.4,#N/A,9934.993125
CONSUMER GOODS,NSE:UBL,1286,1281.05,1491.4,60.4,34002.49586
CONSUMER GOODS,NSE:MCDOWELL-N,617,578.3,676.6,62.51,44833.61396
CONSUMER GOODS,NSE:VGUARD,219,196.9,252,56.77,9365.39484
CONSUMER GOODS,NSE:VMART,2140,2892.85,2955,71.41,3906.355495
CONSUMER GOODS,NSE:VIPIND,397.05,540.5,585.4,47.94,5633.614078
SERVICES,NSE:VRLLOG,283,304.5,319.4,26.86,2551.77208
CONSUMER GOODS,NSE:VSTIND,3523.85,3349.65,3870,22.55,5468.832007
SERVICES,NSE:WABAG,288,382.65,406.65,16.4,1580.303698
IT,NSE:VAKRANGEE,30,37.8,71,159.88,3120.78172
TEXTILES,NSE:VTL,900,1057.65,1155,7.46,5175.33571
AUTOMOBILE,NSE:VARROC,446,1036.8,1090.05,13.87,6012.5929
CONSUMER GOODS,NSE:VBL,629.9,537,674,41.26,17004.67554
METALS,NSE:VEDL,141.3,219.65,246.9,7.64,2936.585665
CONSUMER GOODS,NSE:VENKEYS,1416,2595.3,2954.95,12.09,1992.303376
CHEMICALS,NSE:VINATIORGA,2300,1352.95,2305,39.32,11829.14539
TELECOM,NSE:IDEA,5.3,27.9,29.41,#N/A,15170.12291
CONSUMER GOODS,NSE:VOLTAS,638.6,575.6,662.5,43.18,21130.28975
AUTOMOBILE,NSE:WABCOINDIA,6097,6907.8,7150,44.11,11560.16688
METALS,NSE:WELCORP,128.05,169.25,179.9,58.51,3397.583241
TEXTILES,NSE:WELSPUNIND,52.15,73.1,76.65,22.52,5239.641028
CONSUMER GOODS,NSE:WHIRLPOOL,1650,1624.5,1954.7,51.09,20933.847
IT,NSE:WIPRO,255.8,242.96,301.6,16.62,2287.3548
PHARMA,NSE:WOCKPHARMA,242.75,626.25,692.2,#N/A,2691.871743
FINANCIAL SERVICES,NSE:YESBANK,63,316.6,328.95,8.59,16092.4494
MEDIA & ENTERTAINMENT,NSE:ZEEL,363,466,506.9,19.68,34860.63345
IT,NSE:ZENSARTECH,221,324.85,339.65,16.13,5022.83914
CONSUMER GOODS,NSE:ZYDUSWELL,1815.1,1629.9,1848.55,38.78,10509.95936
IT,NSE:ECLERX,461,1097.15,1229.5,8.34,1661.910502